INDICATOR_CODE,PROVIDER_CODE,PROVIDER_NAME,DENOMINATOR,Q1_NUMERATOR,Q2_NUMERATOR,Q3_NUMERATOR,Q4_NUMERATOR,Q5_NUMERATOR,NULL_NUMERATOR,Q1_RATE,Q2_RATE,Q3_RATE,Q4_RATE,Q5_RATE,NULL_RATE
I00743,ENG,"ENGLAND",284118,59205,57192,58074,56040,50116,3491,21,20,20,20,18,1
I00743,REM,"AINTREE UNIVERSITY HOSPITAL NHS FOUNDATION TRUST",2005,1130,270,290,180,110,20,56,13,14,9,5,1
I00743,RCF,"AIREDALE NHS FOUNDATION TRUST",1000,155,105,260,265,210,*,16,11,26,27,21,*
I00743,RTK,"ASHFORD AND ST PETER'S HOSPITALS NHS FOUNDATION TRUST",1670,10,165,345,350,790,*,1,10,21,21,47,*
I00743,RF4,"BARKING, HAVERING AND REDBRIDGE UNIVERSITY HOSPITALS NHS TRUST",2930,555,810,740,435,245,145,19,28,25,15,8,5
I00743,RFF,"BARNSLEY HOSPITAL NHS FOUNDATION TRUST",1565,485,545,255,180,70,25,31,35,16,12,4,2
I00743,R1H,"BARTS HEALTH NHS TRUST",3695,1450,1245,410,300,215,85,39,34,11,8,6,2
I00743,RDD,"BASILDON AND THURROCK UNIVERSITY HOSPITALS NHS FOUNDATION TRUST",2120,350,660,420,315,330,45,17,31,20,15,16,2
I00743,RC1,"BEDFORD HOSPITAL NHS TRUST",1270,110,320,155,310,370,*,9,25,12,24,29,*
I00743,RXL,"BLACKPOOL TEACHING HOSPITALS NHS FOUNDATION TRUST",2345,665,585,525,345,215,10,28,25,22,15,9,0
I00743,RMC,"BOLTON NHS FOUNDATION TRUST",1740,745,325,200,285,175,*,43,19,11,16,10,*
I00743,RAE,"BRADFORD TEACHING HOSPITALS NHS FOUNDATION TRUST",1885,850,425,350,170,90,*,45,23,19,9,5,*
I00743,RXH,"BRIGHTON AND SUSSEX UNIVERSITY HOSPITALS NHS TRUST",2320,250,345,440,645,570,70,11,15,19,28,25,3
I00743,RXQ,"BUCKINGHAMSHIRE HEALTHCARE NHS TRUST",1600,40,130,215,370,840,*,3,8,13,23,53,*
I00743,RWY,"CALDERDALE AND HUDDERSFIELD NHS FOUNDATION TRUST",2315,530,540,520,455,265,*,23,23,22,20,11,*
I00743,RGT,"CAMBRIDGE UNIVERSITY HOSPITALS NHS FOUNDATION TRUST",2145,55,235,485,640,715,10,3,11,23,30,33,0
I00743,RQM,"CHELSEA AND WESTMINSTER HOSPITAL NHS FOUNDATION TRUST",1570,170,475,470,255,140,60,11,30,30,16,9,4
I00743,RFS,"CHESTERFIELD ROYAL HOSPITAL NHS FOUNDATION TRUST",1770,290,455,340,375,275,30,16,26,19,21,16,2
I00743,RJR,"COUNTESS OF CHESTER HOSPITAL NHS FOUNDATION TRUST",1545,290,150,180,250,410,260,19,10,12,16,27,17
I00743,RXP,"COUNTY DURHAM AND DARLINGTON NHS FOUNDATION TRUST",2990,735,930,440,555,320,10,25,31,15,19,11,0
I00743,RJ6,"CROYDON HEALTH SERVICES NHS TRUST",1225,240,425,225,155,165,15,20,35,18,13,13,1
I00743,RN7,"DARTFORD AND GRAVESHAM NHS TRUST",1510,205,330,265,380,330,*,14,22,18,25,22,*
I00743,RP5,"DONCASTER AND BASSETLAW TEACHING HOSPITALS NHS FOUNDATION TRUST",2655,845,635,525,485,160,*,32,24,20,18,6,*
I00743,RBD,"DORSET COUNTY HOSPITAL NHS FOUNDATION TRUST",1075,75,180,355,340,110,10,7,17,33,32,10,1
I00743,RWH,"EAST AND NORTH HERTFORDSHIRE NHS TRUST",2200,50,270,640,565,660,15,2,12,29,26,30,1
I00743,RJN,"EAST CHESHIRE NHS TRUST",905,50,150,145,225,330,0,6,17,16,25,36,0
I00743,RVV,"EAST KENT HOSPITALS UNIVERSITY NHS FOUNDATION TRUST",4015,715,820,1040,1055,365,20,18,20,26,26,9,0
I00743,RXR,"EAST LANCASHIRE HOSPITALS NHS TRUST",2680,990,675,370,425,215,*,37,25,14,16,8,*
I00743,RDE,"EAST SUFFOLK AND NORTH ESSEX NHS FOUNDATION TRUST",4440,725,825,1095,1010,710,70,16,19,25,23,16,2
I00743,RXC,"EAST SUSSEX HEALTHCARE NHS TRUST",2475,325,560,625,685,280,*,13,23,25,28,11,*
I00743,RVR,"EPSOM AND ST HELIER UNIVERSITY HOSPITALS NHS TRUST",1920,50,275,305,405,875,10,3,14,16,21,46,1
I00743,RDU,"FRIMLEY HEALTH NHS FOUNDATION TRUST",3525,75,415,610,635,1765,25,2,12,17,18,50,1
I00743,RR7,"GATESHEAD HEALTH NHS FOUNDATION TRUST",1400,395,425,225,200,150,*,28,30,16,14,11,*
I00743,RLT,"GEORGE ELIOT HOSPITAL NHS TRUST",1090,175,340,270,190,115,*,16,31,25,17,11,*
I00743,RTE,"GLOUCESTERSHIRE HOSPITALS NHS FOUNDATION TRUST",2900,235,345,795,680,835,10,8,12,27,23,29,0
I00743,RN3,"GREAT WESTERN HOSPITALS NHS FOUNDATION TRUST",1680,160,245,310,540,420,*,10,15,18,32,25,*
I00743,RJ1,"GUY'S AND ST THOMAS' NHS FOUNDATION TRUST",1425,460,475,215,120,115,40,32,33,15,8,8,3
I00743,RN5,"HAMPSHIRE HOSPITALS NHS FOUNDATION TRUST",2025,*,245,290,510,965,*,*,12,14,25,48,*
I00743,RCD,"HARROGATE AND DISTRICT NHS FOUNDATION TRUST",895,20,45,155,315,360,*,2,5,17,35,40,*
I00743,RQX,"HOMERTON UNIVERSITY HOSPITAL NHS FOUNDATION TRUST",525,310,190,20,0,*,10,59,36,4,0,*,2
I00743,RWA,"HULL UNIVERSITY TEACHING HOSPITALS NHS TRUST",3335,1045,700,510,525,550,*,31,21,15,16,16,*
I00743,RYJ,"IMPERIAL COLLEGE HEALTHCARE NHS TRUST",2090,600,580,470,260,140,35,29,28,22,12,7,2
I00743,R1F,"ISLE OF WIGHT NHS TRUST",845,105,315,260,135,30,*,12,37,31,16,4,*
I00743,RGP,"JAMES PAGET UNIVERSITY HOSPITALS NHS FOUNDATION TRUST",1660,380,465,475,240,90,*,23,28,29,14,5,*
I00743,RNQ,"KETTERING GENERAL HOSPITAL NHS FOUNDATION TRUST",1735,285,330,400,395,280,45,16,19,23,23,16,3
I00743,RJZ,"KING'S COLLEGE HOSPITAL NHS FOUNDATION TRUST",3130,625,630,445,680,635,110,20,20,14,22,20,4
I00743,RAX,"KINGSTON HOSPITAL NHS FOUNDATION TRUST",1140,20,120,200,310,475,10,2,11,18,27,42,1
I00743,RXN,"LANCASHIRE TEACHING HOSPITALS NHS FOUNDATION TRUST",2180,380,370,355,600,460,10,17,17,16,28,21,0
I00743,RR8,"LEEDS TEACHING HOSPITALS NHS TRUST",4100,1340,615,695,870,555,25,33,15,17,21,14,1
I00743,RJ2,"LEWISHAM AND GREENWICH NHS TRUST",2305,465,770,480,340,235,15,20,33,21,15,10,1
I00743,R1K,"LONDON NORTH WEST UNIVERSITY HEALTHCARE NHS TRUST",2530,335,665,810,435,265,25,13,26,32,17,10,1
I00743,RC9,"LUTON AND DUNSTABLE UNIVERSITY HOSPITAL NHS FOUNDATION TRUST",1695,295,420,315,285,365,15,17,25,19,17,22,1
I00743,RWF,"MAIDSTONE AND TUNBRIDGE WELLS NHS TRUST",2355,90,210,535,590,915,10,4,9,23,25,39,0
I00743,R0A,"MANCHESTER UNIVERSITY NHS FOUNDATION TRUST",3285,1195,620,455,460,525,35,36,19,14,14,16,1
I00743,RPA,"MEDWAY NHS FOUNDATION TRUST",1905,395,525,310,400,265,*,21,28,16,21,14,*
I00743,RBT,"MID CHESHIRE HOSPITALS NHS FOUNDATION TRUST",1425,230,220,310,260,395,10,16,15,22,18,28,1
I00743,RQ8,"MID ESSEX HOSPITAL SERVICES NHS TRUST",2055,85,280,595,620,465,10,4,14,29,30,23,0
I00743,RXF,"MID YORKSHIRE HOSPITALS NHS TRUST",2910,885,760,485,535,230,10,30,26,17,18,8,0
I00743,RD8,"MILTON KEYNES UNIVERSITY HOSPITAL NHS FOUNDATION TRUST",1310,150,170,235,455,295,10,11,13,18,35,23,1
I00743,RM1,"NORFOLK AND NORWICH UNIVERSITY HOSPITALS NHS FOUNDATION TRUST",3420,355,590,1155,780,520,20,10,17,34,23,15,1
I00743,RVJ,"NORTH BRISTOL NHS TRUST",2250,280,440,380,485,655,*,12,20,17,22,29,*
I00743,RNL,"NORTH CUMBRIA UNIVERSITY HOSPITALS NHS TRUST",1770,330,410,465,315,185,65,19,23,26,18,10,4
I00743,RAP,"NORTH MIDDLESEX UNIVERSITY HOSPITAL NHS TRUST",1270,445,365,165,165,55,70,35,29,13,13,4,6
I00743,RVW,"NORTH TEES AND HARTLEPOOL NHS FOUNDATION TRUST",2015,810,395,305,230,265,*,40,20,15,11,13,*
I00743,RGN,"NORTH WEST ANGLIA NHS FOUNDATION TRUST",2760,335,410,825,615,550,25,12,15,30,22,20,1
I00743,RNS,"NORTHAMPTON GENERAL HOSPITAL NHS TRUST",1900,325,310,285,505,470,*,17,16,15,27,25,*
I00743,RBZ,"NORTHERN DEVON HEALTHCARE NHS TRUST",965,110,380,275,155,45,0,11,39,28,16,5,0
I00743,RJL,"NORTHERN LINCOLNSHIRE AND GOOLE NHS FOUNDATION TRUST",2475,625,525,540,470,315,0,25,21,22,19,13,0
I00743,RTF,"NORTHUMBRIA HEALTHCARE NHS FOUNDATION TRUST",3085,755,635,680,545,470,*,24,21,22,18,15,*
I00743,RX1,"NOTTINGHAM UNIVERSITY HOSPITALS NHS TRUST",4380,1210,740,755,795,865,15,28,17,17,18,20,0
I00743,RTH,"OXFORD UNIVERSITY HOSPITALS NHS FOUNDATION TRUST",3095,170,200,500,910,1290,25,5,6,16,29,42,1
I00743,RW6,"PENNINE ACUTE HOSPITALS NHS TRUST",3785,1590,825,540,470,330,30,42,22,14,12,9,1
I00743,RD3,"POOLE HOSPITAL NHS FOUNDATION TRUST",1590,75,200,420,465,435,*,5,13,26,29,27,*
I00743,RHU,"PORTSMOUTH HOSPITALS NHS TRUST",2985,390,550,470,645,830,100,13,18,16,22,28,3
I00743,RHW,"ROYAL BERKSHIRE NHS FOUNDATION TRUST",2010,55,210,360,335,960,90,3,10,18,17,48,4
I00743,REF,"ROYAL CORNWALL HOSPITALS NHS TRUST",2320,365,1010,650,265,20,15,16,44,28,11,1,1
I00743,RH8,"ROYAL DEVON AND EXETER NHS FOUNDATION TRUST",2165,90,495,575,615,390,*,4,23,27,28,18,*
I00743,RAL,"ROYAL FREE LONDON NHS FOUNDATION TRUST",2715,325,540,775,715,315,45,12,20,29,26,12,2
I00743,RQ6,"ROYAL LIVERPOOL AND BROADGREEN UNIVERSITY HOSPITALS NHS TRUST",1945,1155,295,185,235,65,15,59,15,10,12,3,1
I00743,RA2,"ROYAL SURREY COUNTY HOSPITAL NHS FOUNDATION TRUST",1200,*,40,155,345,650,*,*,3,13,29,54,*
I00743,RD1,"ROYAL UNITED HOSPITALS BATH NHS FOUNDATION TRUST",1900,125,225,435,560,550,10,7,12,23,29,29,1
I00743,RM3,"SALFORD ROYAL NHS FOUNDATION TRUST",1745,710,340,320,200,165,10,41,19,18,11,9,1
I00743,RNZ,"SALISBURY NHS FOUNDATION TRUST",1030,35,100,330,275,265,30,3,10,32,27,26,3
I00743,RXK,"SANDWELL AND WEST BIRMINGHAM HOSPITALS NHS TRUST",2035,1200,440,260,70,15,50,59,22,13,3,1,2
I00743,RHQ,"SHEFFIELD TEACHING HOSPITALS NHS FOUNDATION TRUST",3530,1360,565,585,515,485,15,39,16,17,15,14,0
I00743,RK5,"SHERWOOD FOREST HOSPITALS NHS FOUNDATION TRUST",1900,530,580,385,265,140,*,28,31,20,14,7,*
I00743,RXW,"SHREWSBURY AND TELFORD HOSPITAL NHS TRUST",2675,295,475,800,495,330,280,11,18,30,19,12,10
I00743,RTR,"SOUTH TEES HOSPITALS NHS FOUNDATION TRUST",2640,925,380,450,585,300,*,35,14,17,22,11,*
I00743,R0B,"SOUTH TYNESIDE AND SUNDERLAND NHS FOUNDATION TRUST",3070,1465,770,350,295,185,*,48,25,11,10,6,*
I00743,RJC,"SOUTH WARWICKSHIRE NHS FOUNDATION TRUST",1170,10,90,290,365,405,10,1,8,25,31,35,1
I00743,RAJ,"SOUTHEND UNIVERSITY HOSPITAL NHS FOUNDATION TRUST",2235,400,415,480,460,475,10,18,19,21,21,21,0
I00743,RVY,"SOUTHPORT AND ORMSKIRK HOSPITAL NHS TRUST",1340,185,210,405,275,250,20,14,16,30,21,19,1
I00743,RJ7,"ST GEORGE'S UNIVERSITY HOSPITALS NHS FOUNDATION TRUST",1930,135,445,520,350,430,45,7,23,27,18,22,2
I00743,RBN,"ST HELENS AND KNOWSLEY TEACHING HOSPITALS NHS TRUST",2305,1140,380,380,245,150,10,49,16,16,11,7,0
I00743,RWJ,"STOCKPORT NHS FOUNDATION TRUST",1725,285,365,320,335,415,*,17,21,19,19,24,*
I00743,RTP,"SURREY AND SUSSEX HEALTHCARE NHS TRUST",1905,20,215,480,495,680,15,1,11,25,26,36,1
I00743,RMP,"TAMESIDE AND GLOSSOP INTEGRATED CARE NHS FOUNDATION TRUST",1385,545,390,270,115,60,*,39,28,19,8,4,*
I00743,RBA,"TAUNTON AND SOMERSET NHS FOUNDATION TRUST",1840,165,400,630,390,245,10,9,22,34,21,13,1
I00743,RNA,"THE DUDLEY GROUP NHS FOUNDATION TRUST",2365,610,520,430,445,350,*,26,22,18,19,15,*
I00743,RAS,"THE HILLINGDON HOSPITALS NHS FOUNDATION TRUST",1035,40,390,205,195,210,*,4,38,20,19,20,*
I00743,RTD,"THE NEWCASTLE UPON TYNE HOSPITALS NHS FOUNDATION TRUST",2510,845,465,375,350,430,50,34,19,15,14,17,2
I00743,RQW,"THE PRINCESS ALEXANDRA HOSPITAL NHS TRUST",1600,55,505,340,330,360,10,3,32,21,21,23,1
I00743,RCX,"THE QUEEN ELIZABETH HOSPITAL, KING'S LYNN, NHS FOUNDATION TRUST",1685,305,635,530,185,20,*,18,38,31,11,1,*
I00743,RFR,"THE ROTHERHAM NHS FOUNDATION TRUST",1515,545,375,255,240,90,*,36,25,17,16,6,*
I00743,RDZ,"THE ROYAL BOURNEMOUTH AND CHRISTCHURCH HOSPITALS NHS FOUNDATION TRUST",1990,150,295,470,565,500,10,8,15,24,28,25,1
I00743,RL4,"THE ROYAL WOLVERHAMPTON NHS TRUST",2680,980,480,400,515,265,35,37,18,15,19,10,1
I00743,RA9,"TORBAY AND SOUTH DEVON NHS FOUNDATION TRUST",1680,310,455,455,335,120,*,18,27,27,20,7,*
I00743,RWD,"UNITED LINCOLNSHIRE HOSPITALS NHS TRUST",3490,625,790,865,735,425,55,18,23,25,21,12,2
I00743,RRV,"UNIVERSITY COLLEGE LONDON HOSPITALS NHS FOUNDATION TRUST",1145,340,335,205,130,80,55,30,29,18,11,7,5
I00743,RHM,"UNIVERSITY HOSPITAL SOUTHAMPTON NHS FOUNDATION TRUST",2860,360,540,620,570,745,20,13,19,22,20,26,1
I00743,RRK,"UNIVERSITY HOSPITALS BIRMINGHAM NHS FOUNDATION TRUST",7240,2710,1310,1290,945,905,85,37,18,18,13,13,1
I00743,RA7,"UNIVERSITY HOSPITALS BRISTOL NHS FOUNDATION TRUST",1765,425,365,280,345,300,50,24,21,16,20,17,3
I00743,RKB,"UNIVERSITY HOSPITALS COVENTRY AND WARWICKSHIRE NHS TRUST",2860,595,585,660,515,485,20,21,20,23,18,17,1
I00743,RTG,"UNIVERSITY HOSPITALS OF DERBY AND BURTON NHS FOUNDATION TRUST",4375,740,795,890,995,905,50,17,18,20,23,21,1
I00743,RWE,"UNIVERSITY HOSPITALS OF LEICESTER NHS TRUST",4440,720,795,810,1115,965,35,16,18,18,25,22,1
I00743,RTX,"UNIVERSITY HOSPITALS OF MORECAMBE BAY NHS FOUNDATION TRUST",1805,375,245,380,515,285,10,21,14,21,29,16,1
I00743,RJE,"UNIVERSITY HOSPITALS OF NORTH MIDLANDS NHS TRUST",4395,1070,955,720,980,615,55,24,22,16,22,14,1
I00743,RK9,"UNIVERSITY HOSPITALS PLYMOUTH NHS TRUST",2555,450,700,650,425,250,75,18,27,25,17,10,3
I00743,RBK,"WALSALL HEALTHCARE NHS TRUST",1500,685,305,180,220,100,*,46,20,12,15,7,*
I00743,RWW,"WARRINGTON AND HALTON HOSPITALS NHS FOUNDATION TRUST",1350,415,170,210,290,260,*,31,13,16,21,19,*
I00743,RWG,"WEST HERTFORDSHIRE HOSPITALS NHS TRUST",2085,20,275,420,555,790,25,1,13,20,27,38,1
I00743,RGR,"WEST SUFFOLK NHS FOUNDATION TRUST",1420,85,250,565,375,145,*,6,18,40,26,10,*
I00743,RYR,"WESTERN SUSSEX HOSPITALS NHS FOUNDATION TRUST",2925,180,570,810,795,560,*,6,19,28,27,19,*
I00743,RA3,"WESTON AREA HEALTH NHS TRUST",780,160,145,110,235,120,10,21,19,14,30,15,1
I00743,RKE,"WHITTINGTON HEALTH NHS TRUST",530,155,145,85,75,*,65,29,27,16,14,*,12
I00743,RBL,"WIRRAL UNIVERSITY TEACHING HOSPITAL NHS FOUNDATION TRUST",2190,635,395,310,445,375,30,29,18,14,20,17,1
I00743,RWP,"WORCESTERSHIRE ACUTE HOSPITALS NHS TRUST",2840,365,415,795,790,465,10,13,15,28,28,16,0
I00743,RRF,"WRIGHTINGTON, WIGAN AND LEIGH NHS FOUNDATION TRUST",1760,545,450,255,305,195,10,31,26,14,17,11,1
I00743,RLQ,"WYE VALLEY NHS TRUST",1175,85,240,440,205,60,145,7,20,37,17,5,12
I00743,RA4,"YEOVIL DISTRICT HOSPITAL NHS FOUNDATION TRUST",1035,60,130,395,300,150,*,6,13,38,29,14,*
I00743,RCB,"YORK TEACHING HOSPITAL NHS FOUNDATION TRUST",3050,375,450,650,660,915,*,12,15,21,22,30,*
